first_name,last_name,email,phone_number,city,state
Trevor,Park,jerica_bottoms2240@hotmail.com,111-111-1111,Ogden,Iowa
Doretha,Plunkett,fleta_seymour@hotmail.com,111-111-1112,Grand Rapids,Massachusetts
Meryl,William,juli_harris@hotmail.com,111-111-1113,San Diego,Minnesota
Odelia,Breaux,maxdelong@hotmail.com,111-111-1114,Saginaw,Tennessee
Jack,Gatewood,xiao3@gmail.com,111-111-1115,West Covina,Colorado
Vernon,Byrnes,christine-nadeau3124@hotmail.com,111-111-1116,Reading,Colorado
Theressa,Arevalo,gabriella.gann-grogan79@snapshot.com,111-111-1117,Fontana,Vermont
Fredericka,Ferrara,cassieabreu2186@fundraising.com,111-111-1118,Olathe,Hawaii
Piper,Gross,wallyemery@exhibit.com,111-111-1119,Joliet,Montana
Carletta,Harris,sallie493@gmail.com,111-111-1120,Champaign,Virginia
Thanh,Crandall,leslie_clevenger432@enclosed.com,111-111-1121,Columbia,Connecticut
Louie,Burr,dione_dowd@yahoo.com,111-111-1122,Naples,Louisiana
Tonie,Hopson,minerva5188@yahoo.com,111-111-1123,Santa Clara,Minnesota
Del,Flanders,renata-fugate-mancuso@gmail.com,111-111-1124,Eugene,Virginia
Aleta,Button,niaoreilly42@yahoo.com,111-111-1125,Cincinnati,Louisiana
Isabel,Bush,kristyn-pederson-mcclure2758@hotmail.com,111-111-1126,Kansas City,North Dakota
Apryl,Eason,myrleerdmann5018@gmail.com,111-111-1127,Houston,Delaware
Zenaida,Fuchs,layne0468@hotmail.com,111-111-1128,Odessa,Texas
Lissette,Fournier,tristan.bellamy74@manage.com,111-111-1129,Arlington,Indiana
Justine,Escalante,janene-shell1461@trace.com,111-111-1130,Santa Barbara,Massachusetts
Ka,Mares,sharellrector@yahoo.com,111-111-1131,San Bernardino,Maryland
Lissa,Samson,raven_vo@yahoo.com,111-111-1132,Round Lake Beach,Kansas
Ebony,Everson-Henson,mitchell66395@eating.com,111-111-1133,Tulsa,New Hampshire
Lynelle,Matson,millard93@university.ilawa.pl,111-111-1134,San Diego,Nebraska
Sharon,Moye,kristina3@yahoo.com,111-111-1135,St. Petersburg,Colorado
Kemberly,Oliva,latricia.hogan42@lace.mil.ph,111-111-1136,Virginia Beach,North Dakota
Hannah,Kent,deon8503@gmail.com,111-111-1137,Vancouver,Tennessee
Lore,Choi,hyo21@yahoo.com,111-111-1138,Phoenix,Ohio
Annis,Reis,alexa.palmer@gmail.com,111-111-1139,Long Beach,Minnesota
Williams,Patino,berneice_dalton@prototype.com,111-111-1140,Yakima,North Carolina
Deidre,Shearer,shemeka_labbe66@snap.com,111-111-1141,Clearwater,Alabama
Dona,Rees,dotty.hartwell@hotmail.com,111-111-1142,Birmingham,Delaware
Garland,Cho,osvaldo.fraser45@trends.com,111-111-1143,Birmingham,Arkansas
Gavin,Voigt,georgianne.schroeder@gmail.com,111-111-1144,Racine,Idaho
Alberto,Stubbs,rhonda.knutson486@hotmail.com,111-111-1145,Chicago,Alaska
Queen,Dillon,reynaldo.earle072@putting.com,111-111-1146,Birmingham,Louisiana
Edmund,Howe,lee.mcwhorter20302@gmail.com,111-111-1147,Hampton,Wyoming
Wes,Wentz,jeremiahkey@gmail.com,111-111-1148,Palmdale,Kentucky
Leatha,Mckenney,lemuel23@gmail.com,111-111-1149,Apple Valley,South Dakota
Oleta,Borges,brendan40@yahoo.com,111-111-1150,Thousand Oaks,New Hampshire
Yee,Fielder,rhoda_dover@affair.com,111-111-1151,San Jose,Maryland
Bill,Mize,maia742@hotmail.com,111-111-1152,Des Moines,New York
Pierre,Cornell,marisela-hummel7573@gmail.com,111-111-1153,Pittsburgh,Pennsylvania
Trinidad,Neil-Salcedo,starla99716@yahoo.com,111-111-1154,Ann Arbor,Indiana
Aracelis,Pugh,darrinashworth@yahoo.com,111-111-1155,Tacoma,Missouri
Johnsie,Knowlton,arica_sparkman88562@hepatitis.com,111-111-1156,Lowell,New York
Aleida,Blackmon,johnetta-richard5@yahoo.com,111-111-1157,Columbus,Maryland
Orpha,Holder,jerrold_cowell@electrical.com,111-111-1158,Boise,Michigan
Kenny,Hume,marlonbruton@gmail.com,111-111-1159,Apple Valley,Connecticut
Angelic,Lennon,teresa4@rocks.com,111-111-1160,Mission Viejo,Michigan
